Item,Reference(s),Quantity,Manufacturer,Manufacturer Part Number,Vendor,Vendor Part Number,Description,Package
1,C1 C2 C3 C4 C5 C6,6,KEMET,C0805T104K5RAL7800,Digi-Key,399-14636-1-ND,CAP CER 0.1UF 50V X7R,0805 (2012 Metric)
2,D1,1,Nexperia USA Inc.,PMEG045V100EPDZ,Digi-Key,1727-1904-1-ND,DIODE SCHOTTKY 45V 10A,CFP15
3,D10 D11 D12 D13 D14 D15 D16 D17 D18 D2 D3 D4 D5 D6 D7 D8 D9,17,Lite-On Inc.,LTST-C170GKT,Digi-Key,160-1179-1-ND,LED GREEN CLEAR SMD,0805 (2012 Metric)
4,HPS1 HPS2 HPS3 HPS4,4,Infineon Technologies,BTS3256DAUMA1,Digi-Key,BTS3256DAUMA1CT-ND,IC SWITCH SMART LOWSIDE,TO-252-5
5,J1 J2,2,Sullins Connector Solutions,PBC25SAAN,Digi-Key,S1011E-25-ND,CONN HEADER VERT 25POS 2.54MM,
6,J10 J11 J12 J5 J6 J7 J8 J9,8,Phoenix Contact,1411976,Digi-Key,277-10282-1-ND,CONN FMALE INSERT 5POS SOLDER,
7,J3,1,HARTING,09551156612741,Digi-Key,1195-4005-1-ND,CONN D-SUB RCPT 9POS SMD SOLDER,
8,J4,1,HARTING,09551296812741,Digi-Key,1195-4006-1-ND,CONN D-SUB PLUG 9POS SMD SOLDER,
9,P1,1,Molex,0039301060,Digi-Key,WM1353-ND,CONN HEADER 6POS 4.2MM R/A TIN,
10,R1,1,Panasonic Electronic Components,ERJ-6ENF2201V,Digi-Key,P2.20KCCT-ND,RES SMD 2.2K OHM 1% 1/8W,0805 (2012 Metric)
11,R10 R12 R14 R16 R18 R19 R2 R20 R21 R22 R23 R24 R25 R4 R6 R8,16,Panasonic Electronic Components,ERJ-6ENF2870V,Digi-Key,P287CCT-ND,RES SMD 287 OHM 1% 1/8W,0805 (2012 Metric)
12,R11 R13 R15 R17,4,Panasonic Electronic Components,ERJ-6ENF75R0V,Digi-Key,P75.0CCT-ND,RES SMD 75 OHM 1% 1/8W,0805 (2012 Metric)
13,R3 R5 R7 R9,4,Panasonic Electronic Components,ERJ-6ENF5901V,Digi-Key,P5.90KCCT-ND,RES SMD 5.9K OHM 1% 1/8W,0805 (2012 Metric)
14,U1 U2,2,Texas Instruments,SN74ABT541BDWR,Digi-Key,296-14668-1-ND,Buffer Non-Inverting 1 Element 8 Bit per Element Push-Pull Output,20-SOIC
15,U10 U3 U4 U5 U6 U7 U8 U9,8,ON Semiconductor,NUD3124LT1G,Digi-Key,NUD3124LT1GOSCT-ND,IC INDCT LOAD DRVR AUTO,SOT-23-3
